[ 
   
  {
    "id": "jiun",
    "name": "권지언",
    "password": "12456",
    "mileage": "bronze"
  },
  {
    "id": "mh",
    "name": "김민환",
    "password": "1234",
    "mileage": "bronze"
  },
  {
    "id": "bsung",
    "name": "김보성",
    "password": "1234",
    "mileage": "bronze"
  },
  {
    "id": "min",
    "name": "김유민",
    "password": "222",
    "mileage": "bronze"
  },
  {
    "id": "soo",
    "name": "박수경",
    "password": "1234",
    "mileage": "bronze"
  },
  {
    "id": "siwoo",
    "name": "박시우",
    "password": "1234",
    "mileage": "bronze"
  },
   {
      "id": "yelin",
      "name": "박예린",
      "password": "1234",
      "mileage": "bronze"
    },
  {
    "id": "hyun",
    "name": "윤현기",
    "password": "1234",
    "mileage": "bronze"
  },
  {
    "id": "dongwoo",
    "name": "이동우",
    "password": "1234",
    "mileage": "bronze"
  },
  {
    "id": "sumin",
    "name": "이수민",
    "password": "1234",
    "mileage": "bronze"
  },
   {
    "id": "jungho",
    "name": "이정호",
    "password": "1234",
    "mileage": "bronze"
  }
  ,
  {
    "id": "tack",
    "name": "임형택",
    "password": "1234",
    "mileage": "bronze"
  },
   {
    "id": "yeonsu",
    "name": "정연수",
    "password": "1234",
    "mileage": "bronze"
  },
  {
    "id": "jitae",
    "name": "최지태",
    "password": "1234",
    "mileage": "bronze"
  },
  {
    "id": "ha",
    "name": "최하은",
    "password": "1234",
    "mileage": "bronze"
  },
   {
    "id": "yeji",
    "name": "황예지",
    "password": "1234",
    "mileage": "bronze"
  }  
]